{"cameraMode":{"drawMode":0,"name":"Shaded","section":"Shading Mode"},"sceneLighting":false,"audioPlay":false,"sceneViewState":{"m_AlwaysRefresh":false,"showFog":true,"showSkybox":false,"showFlares":true,"showImageEffects":true,"showParticleSystems":true,"showVisualEffectGraphs":true,"m_FxEnabled":true},"in2DMode":false,"pivot":{"x":5.824789047241211,"y":0.4805113673210144,"z":-1.9268795251846314},"rotation":{"x":0.014750965870916844,"y":0.994626522064209,"z":-0.0906713679432869,"w":0.050878893584012988},"size":0.31624743342399599,"orthographic":false}