{"cameraMode":{"drawMode":0,"name":"Shaded","section":"Shading Mode"},"sceneLighting":true,"audioPlay":false,"sceneViewState":{"m_AlwaysRefresh":false,"showFog":true,"showSkybox":false,"showFlares":true,"showImageEffects":true,"showParticleSystems":true,"showVisualEffectGraphs":true,"m_FxEnabled":true},"in2DMode":false,"pivot":{"x":-0.7886858582496643,"y":10.001943588256836,"z":-14.679886817932129},"rotation":{"x":0.9522367119789124,"y":-0.01817947067320347,"z":-0.03953559324145317,"w":-0.30437418818473818},"size":12.12435531616211,"orthographic":false}