{"cameraMode":{"drawMode":0,"name":"Shaded","section":"Shading Mode"},"sceneLighting":false,"audioPlay":false,"sceneViewState":{"m_AlwaysRefresh":false,"showFog":true,"showSkybox":false,"showFlares":true,"showImageEffects":true,"showParticleSystems":true,"showVisualEffectGraphs":true,"m_FxEnabled":true},"in2DMode":false,"pivot":{"x":0.14215801656246186,"y":6.641058921813965,"z":2.4861905574798586},"rotation":{"x":-0.0018929021898657084,"y":0.9675423502922058,"z":-0.2541866898536682,"w":-0.024333149194717408},"size":3.9031128883361818,"orthographic":false}