{"cameraMode":{"drawMode":0,"name":"Shaded","section":"Shading Mode"},"sceneLighting":false,"audioPlay":false,"sceneViewState":{"m_AlwaysRefresh":false,"showFog":true,"showSkybox":false,"showFlares":true,"showImageEffects":true,"showParticleSystems":true,"showVisualEffectGraphs":true,"m_FxEnabled":true},"in2DMode":false,"pivot":{"x":20.653797149658204,"y":0.7649999856948853,"z":-46.34157943725586},"rotation":{"x":0.051316093653440478,"y":-0.060845330357551578,"z":0.0012577198212966323,"w":0.9971264004707336},"size":0.4992962181568146,"orthographic":false}