{"cameraMode":{"drawMode":0,"name":"Shaded","section":"Shading Mode"},"sceneLighting":false,"audioPlay":false,"sceneViewState":{"m_AlwaysRefresh":false,"showFog":true,"showSkybox":false,"showFlares":true,"showImageEffects":true,"showParticleSystems":true,"showVisualEffectGraphs":true,"m_FxEnabled":true},"in2DMode":false,"pivot":{"x":0.32197222113609316,"y":-0.030360674485564233,"z":0.20354610681533814},"rotation":{"x":-0.10000339150428772,"y":0.8758218288421631,"z":-0.20632889866828919,"w":-0.4250970780849457},"size":0.531456470489502,"orthographic":false}