{"cameraMode":{"drawMode":0,"name":"Shaded","section":"Shading Mode"},"sceneLighting":false,"audioPlay":false,"sceneViewState":{"m_AlwaysRefresh":false,"showFog":true,"showSkybox":false,"showFlares":true,"showImageEffects":true,"showParticleSystems":true,"showVisualEffectGraphs":true,"m_FxEnabled":true},"in2DMode":false,"pivot":{"x":0.3141242563724518,"y":0.7480714321136475,"z":1.3925130367279053},"rotation":{"x":0.08559715002775192,"y":0.05903790891170502,"z":-0.00506444089114666,"w":0.9950942993164063},"size":1.152155876159668,"orthographic":false}