{"cameraMode":{"drawMode":0,"name":"Shaded","section":"Shading Mode"},"sceneLighting":false,"audioPlay":false,"sceneViewState":{"m_AlwaysRefresh":false,"showFog":true,"showSkybox":false,"showFlares":true,"showImageEffects":true,"showParticleSystems":true,"showVisualEffectGraphs":true,"m_FxEnabled":true},"in2DMode":false,"pivot":{"x":20.759265899658204,"y":7.3299713134765629,"z":-63.83778381347656},"rotation":{"x":0.12433802336454392,"y":0.23428402841091157,"z":-0.028342824429273607,"w":0.9642356038093567},"size":0.4523865282535553,"orthographic":false}