{"cameraMode":{"drawMode":0,"name":"Shaded","section":"Shading Mode"},"sceneLighting":false,"audioPlay":false,"sceneViewState":{"m_AlwaysRefresh":false,"showFog":true,"showSkybox":false,"showFlares":true,"showImageEffects":true,"showParticleSystems":true,"showVisualEffectGraphs":true,"m_FxEnabled":true},"in2DMode":false,"pivot":{"x":-0.19058844447135926,"y":0.6680475473403931,"z":-1.097231149673462},"rotation":{"x":-0.08568848669528961,"y":0.11153046786785126,"z":-0.010266594588756562,"w":-0.990124523639679},"size":1.3362165689468384,"orthographic":false}