{"cameraMode":{"drawMode":0,"name":"Shaded","section":"Shading Mode"},"sceneLighting":false,"audioPlay":false,"sceneViewState":{"m_AlwaysRefresh":false,"showFog":true,"showSkybox":false,"showFlares":true,"showImageEffects":true,"showParticleSystems":true,"showVisualEffectGraphs":true,"m_FxEnabled":true},"in2DMode":false,"pivot":{"x":-0.3182733356952667,"y":0.1167263388633728,"z":-0.11423784494400025},"rotation":{"x":0.2166673243045807,"y":-0.08482865244150162,"z":0.020725948736071588,"w":0.9727955460548401},"size":0.3251243233680725,"orthographic":false}